Date,y,forecasts,scores
1954-03-01,1.1265490048817162,1.672308786602578,0.5457597817208617
1954-04-01,0.6369426751592355,2.20943293520854,1.572490260049304
1954-05-01,0.8614232209737782,1.824524054171884,0.9631008331981056
1954-06-01,0.635039223010847,1.096227984318022,0.461188761307175
1954-07-01,0.2612915266890558,1.2398984703120264,0.9786069436229704
1954-08-01,0.0,2.606738658494897,2.606738658494897
1954-09-01,-0.2975083674228385,2.7388152301590933,3.036323597581932
1954-10-01,-0.8534322820037077,1.627710018876858,2.481142300880566
1954-11-01,-0.2607076350093162,1.634064829482986,1.8947724644923023
1954-12-01,-0.372162262746567,2.259924897838693,2.6320871605852605
1955-01-01,-0.6310319227913919,1.5592594897431833,2.190291412534575
1955-02-01,-0.6298629121896937,1.381324887252914,2.011187799442608
1955-03-01,-0.519866320089124,1.0960967564899051,1.6159630765790294
1955-04-01,-0.2606105733432673,1.105083493837496,1.3656940671807634
1955-05-01,-0.5941329372447068,0.6647645069439472,1.258897444188654
1955-06-01,-0.8537490720118779,2.043880077259975,2.897629149271853
1955-07-01,-0.3723008190617993,1.31164752385316,1.683948342914959
1955-08-01,-0.484171322160154,1.025530053652951,1.509701375813105
1955-09-01,0.1491980604252152,1.1317246957175044,0.9825266352922892
1955-10-01,0.374251497005984,1.316503685473592,0.942252188467608
1955-11-01,0.3734129947722042,0.9733057665519368,0.5998927717797325
1955-12-01,0.3735524841240289,0.0972873524430591,0.2762651316809698
1956-01-01,0.2241314904743996,-0.005508436367264,0.2296399268416636
1956-02-01,0.1491424310216205,1.0020979877150644,0.8529555566934439
1956-03-01,0.3732736095558131,0.1010629949502198,0.2722106146055932
1956-04-01,0.5225830533781339,0.9668990291300104,0.4443159757518765
1956-05-01,0.9712364587224576,0.4772821346175988,0.4939543241048588
1956-06-01,1.647323099962561,0.2506890389701605,1.3966340609924006
1956-07-01,1.9805680119581397,0.2664982019398607,1.7140698100182783
1956-08-01,2.208083832335328,0.130859125278097,2.077224707057231
1956-09-01,1.862197392923659,0.1554814264399846,1.7067159664836744
1956-10-01,2.572706935123037,0.3258199384326093,2.2468869966904275
1956-11-01,2.34375,0.3537605608631899,1.98998943913681
1956-12-01,2.828433196873825,0.6665419368613142,2.161891260012511
1957-01-01,3.130823704808061,0.9455682252900682,2.185255479517993
1957-02-01,3.499627699180952,0.9535544419878929,2.5460732571930587
1957-03-01,3.607288955001864,0.8533297382163734,2.7539592167854905
1957-04-01,3.713330857779429,0.769783072566122,2.943547785213307
1957-05-01,3.588605253422128,1.3345481268979535,2.2540571265241747
1957-06-01,3.53591160220994,1.6432889301664957,1.8926226720434447
1957-07-01,3.297911322828884,2.2454224936694795,1.052488829159404
1957-08-01,3.551812522885389,2.4473386688967933,1.104473853988596
1957-09-01,3.546617915904937,3.0817919941117844,0.4648259217931527
1957-10-01,2.944383860414379,2.9104518326190445,0.0339320277953345
1957-11-01,3.271537622682663,2.7869160280089047,0.4846215946737584
1957-12-01,3.040173724212813,2.5730532577921985,0.467120466420615
1958-01-01,3.5056017347307566,3.030273005793452,0.4753287289373049
1958-02-01,3.237410071942448,2.7582650210796587,0.4791450508627894
1958-03-01,3.625269203158665,3.692091715319875,0.0668225121612096
1958-04-01,3.616183315431432,3.838230962507952,0.2220476470765198
1958-05-01,3.3571428571428585,2.929341653923916,0.4278012032189426
1958-06-01,2.8459622909996485,3.477455498362268,0.6314932073626194
1958-07-01,2.483150053210359,3.106922045953081,0.6237719927427219
1958-08-01,2.333804809052342,3.724745103425045,1.3909402943727027
1958-09-01,2.083333333333326,3.3709398993622366,1.2876065660289109
1958-10-01,2.083333333333326,3.835089808405452,1.7517564750721264
1958-11-01,1.9007391763463444,3.901654938726333,2.000915762379989
1958-12-01,1.7562346329469625,3.494417612311062,1.7381829793640995
1959-01-01,1.2918994413407825,2.7391297053715107,1.4472302640307282
1959-02-01,1.0452961672473782,2.292118534339306,1.2468223670919278
1959-03-01,0.3463803255975062,2.231022115061738,1.884641789464232
1959-04-01,0.1382170006910765,2.013915118275408,1.875698117584331
1959-05-01,0.3455425017277136,1.978349288633456,1.6328067869057423
1959-06-01,0.6918021445866396,1.7907168107371745,1.098914666150535
1959-07-01,0.8999653859466772,1.653326037395887,0.7533606514492097
1959-08-01,0.8293020041465038,1.2054388059190797,0.3761368017725759
1959-09-01,1.1760636457972984,0.8559494262361064,0.320114219561192
1959-10-01,1.5219647180906293,0.0406617533645871,1.481302964726042
1959-11-01,1.3816925734024157,0.0360671354686079,1.3456254379338075
1959-12-01,1.5188125647221271,0.8250765256727888,0.6937360390493386
1960-01-01,1.2409513960703222,1.3858995820018378,0.1449481859315156
1960-02-01,1.4137931034482687,1.579888030007048,0.1660949265587792
1960-03-01,1.5188125647221271,1.2310550122705584,0.287757552451569
1960-04-01,1.9323671497584405,1.6230580903537353,0.3093090594047052
1960-05-01,1.8250688705234277,2.1747694376578552,0.3497005671344277
1960-06-01,1.7176228100309163,1.780938077185426,0.0633152671545094
1960-07-01,1.3722126929674117,1.7956945401482636,0.4234818471808519
1960-08-01,1.473612063056895,1.4746850862139165,0.0010730231570215
1960-09-01,1.2307692307692353,1.7520201626292402,0.5212509318600049
1960-10-01,1.362862010221466,2.048291393244549,0.6854293830230831
1960-11-01,1.465076660988074,2.3925163923292967,0.9274397313412228
1960-12-01,1.3600816048962905,2.171348425188298,0.8112668202920075
1961-01-01,1.6002723867892366,1.815280902168777,0.2150085153795404
1961-02-01,1.4620877252635056,1.4282740196664996,0.033813705597006
1961-03-01,1.4620877252635056,1.7294114756331025,0.2673237503695966
1961-04-01,0.9140148950575576,1.6506143732787677,0.7365994782212097
1961-05-01,0.9130875887723988,1.8505884991797896,0.937500910407391
1961-06-01,0.7767646065518496,2.105830766491561,1.3290661599397118
1961-07-01,1.25211505922167,1.866359768968083,0.614244709746413
1961-08-01,1.1144883485309176,2.0785269585881587,0.9640386100572412
1961-09-01,1.249577845322536,1.881696133800352,0.632118288477816
1961-10-01,0.7731092436974896,1.623752289981775,0.8506430462842853
1961-11-01,0.671591672263272,0.9618331720276426,0.2902414997643706
1961-12-01,0.6709158000671067,0.967510362128585,0.2965945620614783
1962-01-01,0.6702412868632601,1.194144110175697,0.523902823312437
1962-02-01,0.9048257372654244,1.7755854014521004,0.8707596641866759
1962-03-01,1.1058981233244003,1.6049137860132063,0.499015662688806
1962-04-01,1.3418316001341912,1.4714610596433324,0.1296294595091411
1962-05-01,1.3404825737265424,0.8791604601531895,0.4613221135733529
1962-06-01,1.2399463806970434,0.6959376127170923,0.5440087679799511
1962-07-01,1.0026737967914423,0.9025452646810712,0.1001285321103712
1962-08-01,1.135604542418167,0.9343687816071312,0.2012357608110357
1962-09-01,1.4676450967311627,1.1888611664668411,0.2787839302643216
1962-10-01,1.33422281521014,1.3927698655007492,0.0585470502906093
1962-11-01,1.33422281521014,1.5448383781463524,0.2106155629362125
1962-12-01,1.2329223592135952,1.437473693204566,0.2045513339909708
1963-01-01,1.331557922769644,1.2674003224469448,0.0641576003226991
1963-02-01,1.2288276320159497,1.0427683883785772,0.1860592436373724
1963-03-01,1.1269472986410234,1.2527240253692171,0.1257767267281937
1963-04-01,0.893743793445867,1.5951071986370522,0.7013634051911852
1963-05-01,0.8928571428571619,1.325544105028933,0.432686962171771
1963-06-01,1.3240648791790657,1.2681688976964542,0.0558959814826112
1963-07-01,1.5552614162806178,1.2173725213206674,0.3378888949599503
1963-08-01,1.5521796565389767,1.2474498627602058,0.3047297937787709
1963-09-01,0.9861932938855844,1.2208342943802517,0.2346410004946673
1963-10-01,1.2179065174456882,1.195174817347294,0.0227317000983942
1963-11-01,1.3166556945358954,1.1633409464375226,0.1533147480983727
1963-12-01,1.6458196181698526,1.220708454666675,0.4251111635031774
1964-01-01,1.6425755584756896,1.2219132659062837,0.4206622925694061
1964-02-01,1.4107611548556331,1.1179131922740286,0.2928479625816045
1964-03-01,1.4093739757456536,1.1115428721185252,0.2978311036271284
1964-04-01,1.5419947506561726,1.2547240274421916,0.287270723213981
1964-05-01,1.5404785316289749,1.1970323807585668,0.3434461508704081
1964-06-01,1.3067624959163693,1.1689946499142227,0.1377678460021465
1964-07-01,1.0752688172043,1.2056245400592691,0.130355722854969
1964-08-01,0.9756097560975618,1.2378921229292468,0.2622823668316849
1964-09-01,1.171875,1.25054584209648,0.0786708420964801
1964-10-01,1.2032520325203189,1.256114468350743,0.0528624358304241
1964-11-01,1.3970110461338558,1.2646273322508628,0.132383713882993
1964-12-01,1.1981865284974136,1.2696168273267,0.0714302988292865
1965-01-01,1.098901098901095,1.2820489074010606,0.1831478084999656
1965-02-01,1.1970236169524415,1.2771971829539843,0.0801735660015428
1965-03-01,1.195862960568839,1.2927921234494697,0.096929162880631
1965-04-01,1.3893376413570246,1.2638470201805034,0.1254906211765212
1965-05-01,1.61394448030987,1.2678429582563764,0.3461015220534937
1965-06-01,1.9348597226700903,1.2491921976244338,0.6856675250456565
1965-07-01,1.8052869116698789,1.2562041084855742,0.5490828031843047
1965-08-01,1.6103059581320522,1.2399153120060822,0.37039064612597
1965-09-01,1.737451737451745,1.225972011607926,0.5114797258438191
1965-10-01,1.7030848329048665,1.2210076178245786,0.4820772150802879
1965-11-01,1.7302146747837144,1.2191922255125272,0.5110224492711872
1965-12-01,1.9200000000000104,1.202523469130668,0.7174765308693425
1966-01-01,1.9181585677749304,1.1884979631359225,0.7296606046390077
1966-02-01,2.557544757033248,1.217706422257369,1.3398383347758789
1966-03-01,2.778664963270528,1.2433631673497725,1.5353017959207549
1966-04-01,2.8680688336520044,1.2297804465139792,1.6382883871380252
1966-05-01,2.763659466327839,1.2287510284530463,1.5349084378747926
1966-06-01,2.4359379943056148,1.241681611825009,1.1942563824806058
1966-07-01,2.754908169727699,1.27161396250992,1.483294207217779
1966-08-01,3.4865293185419866,1.366783825194315,2.119745493347672
1966-09-01,3.5736875395319334,1.81287624380536,1.7608112957265736
1966-10-01,3.791469194312813,2.173135144033957,1.618334050278856
1966-11-01,3.5590551181102548,2.6924627966720824,0.8665923214381723
1966-12-01,3.3594976452119285,2.3686211677839504,0.990876477427978
1967-01-01,3.19949811794229,1.9304334173313105,1.2690647006109794
1967-02-01,2.8678304239401653,2.722664306658237,0.1451661172819283
1967-03-01,2.5481665630826544,4.142071998111154,1.5939054350284998
1967-04-01,2.5402726146220638,4.006268375615538,1.4659957609934748
1967-05-01,2.3183925811437467,4.993972683280538,2.6755801021367915
1967-06-01,2.841260037059889,4.059289778121035,1.2180297410611454
1967-07-01,2.9275808936825687,3.750213206455604,0.8226323127730355
1967-08-01,2.6033690658499253,3.38910824931572,0.7857391834657945
1967-09-01,2.595419847328251,2.786549895171809,0.1911300478435587
1967-10-01,2.587519025875196,2.4313802314614765,0.1561387944137191
1967-11-01,3.10218978102188,2.4925489761031114,0.6096408049187687
1967-12-01,3.280680437424044,2.211123134525268,1.069557302898776
1968-01-01,3.647416413373872,2.78781338798294,0.8596030253909319
1968-02-01,3.6363636363636376,2.738022807911751,0.8983408284518868
1968-03-01,3.939393939393932,2.452096843021955,1.4872970963719765
1968-04-01,3.92749244712991,2.548240345984369,1.3792521011455403
1968-05-01,4.229607250755274,2.5006240477351027,1.7289832030201713
1968-06-01,4.2042042042042205,3.021080324109821,1.1831238800943993
1968-07-01,4.491017964071853,3.085043348144712,1.405974615927141
1968-08-01,4.477611940298498,3.530382892990146,0.947229047308352
1968-09-01,4.464285714285721,3.4329899426948,1.031295771590921
1968-10-01,4.7477744807121525,3.9942288493326106,0.7535456313795419
1968-11-01,4.424778761061954,3.897926336019232,0.5268524250427213
1968-12-01,4.705882352941182,4.422064749667386,0.2838176032737962
1969-01-01,4.692082111436946,4.171113453375419,0.5209686580615269
1969-02-01,4.678362573099393,4.730908528456935,0.0525459553575426
1969-03-01,5.247813411078739,4.580399567690749,0.6674138433879895
1969-04-01,5.523255813953476,4.612443515340981,0.9108122986124948
1969-05-01,5.507246376811592,5.155424823606028,0.3518215532055642
1969-06-01,5.475504322766556,4.36256809337434,1.1129362293922158
1969-07-01,5.4441260744985565,4.896131282307824,0.5479947921907327
1969-08-01,5.428571428571427,4.859130189218922,0.5694412393525052
1969-09-01,5.698005698005693,4.771293117503877,0.9267125805018156
1969-10-01,5.665722379603411,5.735860187497772,0.070137807894361
1969-11-01,5.932203389830515,6.062388678230206,0.1301852883996908
1969-12-01,5.89887640449438,5.849571208455751,0.0493051960386292
1970-01-01,6.162464985994376,5.765637683902513,0.3968273020918627
1970-02-01,6.424581005586605,5.666316482647812,0.7582645229387932
1970-03-01,6.094182825484751,5.655172610491902,0.439010214992849
1970-04-01,6.060606060606077,6.021287155123526,0.0393189054825517
1970-05-01,6.043956043956045,5.853304490161806,0.1906515537942388
1970-06-01,6.010928961748618,6.251719203296444,0.2407902415478258
1970-07-01,5.706521739130444,6.110755859293221,0.4042341201627772
1970-08-01,5.691056910569103,6.530735612349837,0.8396787017807332
1970-09-01,5.660377358490565,6.9879169300591695,1.3275395715686047
1970-10-01,5.630026809651478,6.413209163525269,0.7831823538737908
1970-11-01,5.600000000000005,6.259938985305324,0.6599389853053195
1970-12-01,5.570291777188308,6.174184284690583,0.603892507502275
1971-01-01,5.277044854881274,6.125427145279186,0.8483822903979119
1971-02-01,4.724409448818889,5.677353838189925,0.9529443893710354
1971-03-01,4.438642297650142,5.674800962708885,1.2361586650587435
1971-04-01,4.155844155844157,5.678405765018642,1.522561609174485
1971-05-01,4.404145077720201,5.625859810590859,1.221714732870658
1971-06-01,4.381443298969079,5.660197938658234,1.2787546396891551
1971-07-01,4.370179948586128,5.635711818324952,1.2655318697388234
1971-08-01,4.358974358974366,5.268147151556188,0.9091727925818224
1971-09-01,4.081632653061207,4.620920984955226,0.5392883318940189
1971-10-01,3.8071065989847774,4.458494740234814,0.6513881412500364
1971-11-01,3.535353535353525,4.191583396523027,0.6562298611695025
1971-12-01,3.266331658291466,4.498228546342505,1.2318968880510388
1972-01-01,3.2581453634085378,4.532600297391802,1.2744549339832645
1972-02-01,3.759398496240607,4.441667797683799,0.682269301443192
1972-03-01,3.499999999999992,4.48388047572355,0.9838804757235584
1972-04-01,3.4912718204488824,4.168052063706125,0.6767802432572427
1972-05-01,3.2258064516129226,3.8834844594020312,0.6576780077891087
1972-06-01,2.9629629629629672,3.752058050291244,0.7890950873282767
1972-07-01,2.9556650246305383,3.635757738813744,0.680092714183206
1972-08-01,2.9484029484029284,3.7484593177689063,0.8000563693659783
1972-09-01,3.1862745098039325,4.464544519515216,1.2782700097112834
1972-10-01,3.1784841075794823,3.939711935248311,0.7612278276688285
1972-11-01,3.4146341463414664,3.8450142976677086,0.4303801513262422
1972-12-01,3.406326034063256,3.762508627214896,0.3561825931516393
1973-01-01,3.640776699029136,3.454173916264927,0.1866027827642087
1973-02-01,3.864734299516903,3.599811785368296,0.2649225141486075
1973-03-01,4.830917874396135,3.386308128721584,1.4446097456745504
1973-04-01,5.301204819277117,3.743670779378033,1.5575340398990836
1973-05-01,5.528846153846145,3.536112517414318,1.992733636431827
1973-06-01,5.995203836930463,3.8886936767007767,2.106510160229686
1973-07-01,5.741626794258381,3.720328488871792,2.0212983053865887
1973-08-01,7.398568019093088,4.019791008910895,3.378777010182193
1973-09-01,7.3634204275534465,4.224600265989573,3.1388201615638733
1973-10-01,8.056872037914697,5.654664798060908,2.402207239853789
1973-11-01,8.25471698113207,5.874268933580769,2.380448047551301
1973-12-01,8.94117647058823,5.55201982261884,3.38915664796939
1974-01-01,9.601873536299754,6.040770672324158,3.561102863975596
1974-02-01,9.999999999999986,5.278293060831092,4.721706939168894
1974-03-01,10.138248847926269,8.22926252412253,1.9089863238037363
1974-04-01,10.068649885583516,8.075862115217914,1.9927877703656005
1974-05-01,10.70615034168565,7.892555492460638,2.813594849225012
1974-06-01,10.859728506787311,8.461345062451098,2.398383444336215
1974-07-01,11.53846153846152,9.662593064018782,1.8758684744427363
1974-08-01,10.888888888888882,11.802029178397373,0.9131402895084904
1974-09-01,11.94690265486724,11.815695514730695,0.131207140136544
1974-10-01,11.842105263157896,10.794566160912634,1.0475391022452634
1974-11-01,12.200435729847502,9.603277001685672,2.59715872816183
1974-12-01,12.095032397408213,12.16472819527576,0.0696957978675492
1975-01-01,11.752136752136757,12.528519635742605,0.7763828836058497
1975-02-01,11.205073995771686,13.912774726982914,2.707700731211228
1975-03-01,10.460251046025103,10.86055373269,0.4003026866648955
1975-04-01,10.187110187110182,13.352685184951106,3.165574997840924
1975-05-01,9.259259259259256,14.20524310219004,4.945983842930783
1975-06-01,9.183673469387754,13.43896408686611,4.255290617478355
1975-07-01,9.533468559837743,13.223216387974585,3.6897478281368414
1975-08-01,8.617234468937895,11.483673323985006,2.866438855047111
1975-09-01,7.905138339920947,9.650927266151836,1.7457889262308883
1975-10-01,7.647058823529407,7.720093448276905,0.073034624747498
1975-11-01,7.37864077669903,8.340094986342546,0.9614542096435156
1975-12-01,7.129094412331405,6.825614599835519,0.3034798124958859
1976-01-01,6.692160611854692,7.300721526422999,0.6085609145683071
1976-02-01,6.273764258555126,9.709735098444773,3.435970839889647
1976-03-01,6.060606060606055,7.757574064134664,1.6969680035286083
1976-04-01,5.849056603773595,5.782489059855452,0.0665675439181425
1976-05-01,6.214689265536721,6.625136782142657,0.4104475166059353
1976-06-01,5.981308411214958,6.985199000888922,1.003890589673964
1976-07-01,5.555555555555558,6.823558186485712,1.2680026309301544
1976-08-01,5.719557195571956,6.268534971100289,0.5489777755283329
1976-09-01,5.494505494505497,5.608154235393437,0.1136487408879398
1976-10-01,5.464480874316946,5.694098993820358,0.2296181195034119
1976-11-01,5.063291139240511,5.773574544580428,0.7102834053399167
1976-12-01,5.035971223021574,6.786028152304972,1.7500569292833985
1977-01-01,5.197132616487465,6.548573829607397,1.3514412131199318
1977-02-01,6.082289803220031,5.4747211572630965,0.6075686459569347
1977-03-01,6.428571428571428,6.139545241763793,0.2890261868076349
1977-04-01,6.951871657754016,6.136717630768956,0.8151540269850601
1977-05-01,6.737588652482285,5.948472752626588,0.7891158998556973
1977-06-01,6.701940035273357,5.189016770651934,1.5129232646214232
1977-07-01,6.666666666666665,5.347575465029513,1.3190912016371523
1977-08-01,6.631762652705064,6.16758210157599,0.4641805511290746
1977-09-01,6.423611111111094,7.872223974343193,1.448612863232099
1977-10-01,6.390328151986191,8.240221998497233,1.8498938465110424
1977-11-01,6.712564543889843,8.293023046877366,1.5804585029875229
1977-12-01,6.67808219178081,7.554352063381678,0.8762698716008686
1978-01-01,6.814310051107331,7.093321314856221,0.2790112637488899
1978-02-01,6.239460370994943,7.259837858649586,1.0203774876546436
1978-03-01,6.375838926174482,7.249888573976636,0.8740496478021544
1978-04-01,6.499999999999995,7.009344776717597,0.5093447767176027
1978-05-01,7.14285714285714,7.033762241546415,0.1090949013107245
1978-06-01,7.438016528925617,7.687445495669312,0.2494289667436948
1978-07-01,7.7302631578947345,7.405960671744732,0.3243024861500023
1978-08-01,7.855973813420625,7.326410534275336,0.5295632791452887
1978-09-01,8.482871125611746,6.466724847132502,2.016146278479244
1978-10-01,8.92857142857142,6.609655388047015,2.318916040524405
1978-11-01,8.870967741935477,7.40929790025595,1.4616698416795266
1978-12-01,8.988764044943842,7.986341999696409,1.0024220452474335
1979-01-01,9.250398724082933,8.310745474551702,0.9396532495312292
1979-02-01,9.84126984126985,8.246174386720531,1.5950954545493197
1979-03-01,10.252365930599373,8.136556157224637,2.1158097733747336
1979-04-01,10.485133020344284,8.876264874558172,1.6088681457861114
1979-05-01,10.697674418604652,9.236434137397463,1.4612402812071874
1979-06-01,11.076923076923071,8.584105085526858,2.4928179913962154
1979-07-01,11.45038167938932,8.537575036755857,2.9128066426334627
1979-08-01,11.836115326251884,9.016238395252426,2.819876930999458
1979-09-01,11.879699248120312,9.671988021630929,2.207711226489385
1979-10-01,12.071535022354718,10.00146697601206,2.0700680463426586
1979-11-01,12.5925925925926,9.656436265889038,2.9361563267035606
1979-12-01,13.254786450662737,10.10396989954224,3.150816551120497
1980-01-01,13.868613138686126,9.975602703370807,3.893010435315317
1980-02-01,14.161849710982644,10.568342443513083,3.59350726746956
1980-03-01,14.592274678111572,10.768524077845049,3.823750600266525
1980-04-01,14.589235127478762,10.48776395938298,4.101471168095781
1980-05-01,14.425770308123242,11.108559392802276,3.317210915320967
1980-06-01,14.265927977839322,12.969228823676737,1.296699154162587
1980-07-01,13.15068493150684,15.175700237257445,2.025015305750605
1980-08-01,12.890094979647216,16.21186585196059,3.3217708723133725
1980-09-01,12.768817204301076,16.709677462381066,3.94086025807999
1980-10-01,12.632978723404252,17.29415874178147,4.661180018377216
1980-11-01,12.631578947368416,15.70043995424796,3.068861006879544
1980-12-01,12.353706111833551,15.266948758917792,2.9132426470842407
1981-01-01,11.794871794871796,14.953808163438133,3.1589363685663336
1981-02-01,11.392405063291132,9.992517733684464,1.3998873296066687
1981-03-01,10.611735330836458,11.353846421096728,0.7421110902602699
1981-04-01,10.13597033374536,12.5265715159356,2.3906011821902418
1981-05-01,9.79192166462668,12.509237725769534,2.7173160611428546
1981-06-01,9.696969696969692,12.753581141570717,3.0566114446010246
1981-07-01,10.774818401937058,12.126113510348132,1.3512951084110745
1981-08-01,10.817307692307686,11.02165088113268,0.2043431888249944
1981-09-01,10.96543504171632,10.545575107448988,0.4198599342673326
1981-10-01,10.271546635182991,9.147556105817172,1.1239905293658197
1981-11-01,9.579439252336464,9.059359441325686,0.5200798110107776
1981-12-01,8.912037037037024,9.089982028435823,0.1779449913987996
1982-01-01,8.25688073394495,9.650548958212289,1.393668224267337
1982-02-01,7.613636363636367,12.29985212886772,4.686215765231353
1982-03-01,6.884875846501148,11.415443500264296,4.530567653763147
1982-04-01,6.621773288439958,11.270304104779836,4.6485308163398775
1982-05-01,6.911928651059096,9.860476131459386,2.94854748040029
1982-06-01,7.182320441988943,8.732047808306554,1.5497273663176108
1982-07-01,6.557377049180335,8.114311808992985,1.5569347598126502
1982-08-01,5.965292841648595,7.478508847854576,1.5132160062059803
1982-09-01,4.940923737916236,7.059476341549386,2.11855260363315
1982-10-01,5.032119914346889,6.214726983418336,1.1826070690714472
1982-11-01,4.47761194029852,6.986328936783506,2.508716996484986
1982-12-01,3.825717321997879,8.61064155433817,4.78492423234029
1983-01-01,3.7076271186440746,9.151464213414908,5.443837094770833
1983-02-01,3.484688489968324,6.952626777134944,3.4679382871666204
1983-03-01,3.590285110876445,5.773937593130796,2.1836524822543506
1983-04-01,4.000000000000004,3.67266386258064,0.3273361374193637
1983-05-01,3.44108446298228,6.159134689565636,2.7180502265833555
1983-06-01,2.4742268041237248,5.261769822876245,2.78754301875252
1983-07-01,2.358974358974364,3.257679772327199,0.8987054133528352
1983-08-01,2.456499488229258,4.301988519244887,1.845489031015629
1983-09-01,2.763561924257929,3.4014155595955997,0.6378536353376703
1983-10-01,2.752293577981657,4.362192084616266,1.6098985066346092
1983-11-01,3.1632653061224536,5.742184753856511,2.578919447734058
1983-12-01,3.787103377686796,2.725048775794096,1.0620546018926995
1984-01-01,4.290091930541351,-0.4076711706281036,4.697763101169454
1984-02-01,4.693877551020398,1.1588523397722992,3.5350252112480987
1984-03-01,4.892966360856277,2.0956078677994463,2.7973584930568305
1984-04-01,4.5546558704453455,2.9674331031186827,1.5872227673266628
1984-05-01,4.3346774193548265,2.290574056478769,2.044103362876057
1984-06-01,4.325955734406439,3.4864421639758505,0.8395135704305887
1984-07-01,4.308617234468937,4.709920498183653,0.4013032637147162
1984-08-01,4.295704295704317,5.148461221895364,0.8527569261910468
1984-09-01,4.2828685258964105,5.383485302061311,1.1006167761649008
1984-10-01,4.265873015873023,5.162831365402353,0.8969583495293305
1984-11-01,4.154302670623156,3.939596062328368,0.2147066082947875
1984-12-01,4.043392504930954,3.811382059992044,0.23201044493891
1985-01-01,3.52595494613126,4.097197040660825,0.5712420945295653
1985-02-01,3.606237816764146,4.064843291733038,0.4586054749688921
1985-03-01,3.790087463556846,4.041970209237216,0.25188274568037
1985-04-01,3.581800580832528,4.010893347061553,0.4290927662290249
1985-05-01,3.5748792270531515,3.971044127064745,0.396164900011593
1985-06-01,3.6644165863066513,3.7874557561775983,0.1230391698709469
1985-07-01,3.458213256484166,3.71003312603136,0.2518198695471936
1985-08-01,3.3524904214559337,3.0002708836779126,0.352219537778021
1985-09-01,3.2473734479465,3.477111391372572,0.229737943426072
1985-10-01,3.2350142721217834,3.6845746448361294,0.4495603727143469
1985-11-01,3.5137701804368597,3.1806475781193844,0.3331226023174749
1985-12-01,3.791469194312791,3.4064864814974705,0.3849827128153205
1986-01-01,3.973509933774833,3.5652316930600114,0.4082782407148211
1986-02-01,3.19849482596426,3.230064722093387,0.031569896129127
1986-03-01,2.153558052434445,3.2741547939963365,1.120596741561891
1986-04-01,1.5887850467289688,3.190587193983242,1.6018021472542734
1986-05-01,1.679104477611948,3.216358829193706,1.5372543515817587
1986-06-01,1.7674418604651132,3.6130256289280913,1.845583768462978
1986-07-01,1.671309192200554,3.777285565556757,2.105976373356203
1986-08-01,1.575532900834098,3.8887090993342905,2.3131761985001926
1986-09-01,1.757631822386685,2.7965824803865686,1.0389506579998835
1986-10-01,1.5668202764977046,1.9481943012690095,0.3813740247713051
1986-11-01,1.2844036697247765,2.1459186409964293,0.861514971271653
1986-12-01,1.187214611872145,2.4655362863450425,1.2783216744728976
1987-01-01,1.364877161055511,2.498487667530952,1.1336105064754407
1987-02-01,1.914311759343668,2.261866213910632,0.3475544545669637
1987-03-01,2.8414298808432603,2.2855698198650423,0.555860060978218
1987-04-01,3.679852805887762,2.4871399337084354,1.1927128721793268
1987-05-01,3.669724770642202,2.106379705541993,1.5633450651002092
1987-06-01,3.7477148080438782,1.858629555303604,1.8890852527402744
1987-07-01,3.926940639269394,1.6920197910138333,2.2349208482555607
1987-08-01,4.2883211678832245,1.980070238929087,2.3082509289541377
1987-09-01,4.2727272727272725,2.650244931723812,1.6224823410034608
1987-10-01,4.355716878402904,3.195714286020079,1.1600025923828254
1987-11-01,4.528985507246386,3.49130201862453,1.0376834886218558
1987-12-01,4.332129963898912,3.167205166172571,1.164924797726341
1988-01-01,4.129263913824044,3.420247792664452,0.7090161211595918
1988-02-01,3.935599284436497,3.3082997775102245,0.6272995069262728
1988-03-01,3.832442067736186,3.726597944990563,0.1058441227456228
1988-04-01,3.9929015084294575,3.5828870910381383,0.41001441739132
1988-05-01,3.9823008849557473,3.6869284500191153,0.295372434936632
1988-06-01,3.96475770925111,3.929478859657428,0.0352788495936824
1988-07-01,4.130052724077338,3.5888334874974364,0.5412192365799013
1988-08-01,4.111986001749779,3.539105501893212,0.5728804998565669
1988-09-01,4.184829991281602,3.619203888944873,0.5656261023367293
1988-10-01,4.260869565217407,3.663869136758066,0.5970004284593413
1988-11-01,4.246100519930662,3.7990531239167487,0.4470473960139136
1988-12-01,4.41176470588236,3.6484227437191663,0.7633419621631932
1989-01-01,4.482758620689653,3.6774713537454153,0.8052872669442377
1989-02-01,4.647160068846801,3.89384358770003,0.7533164811467707
1989-03-01,4.892703862660941,3.7003149947623606,1.1923888678985803
1989-04-01,5.034129692832767,3.828235662788135,1.2058940300446324
1989-05-01,5.276595744680845,3.836687468516296,1.439908276164549
1989-06-01,5.16949152542372,3.759440351353549,1.4100511740701704
1989-07-01,5.063291139240511,3.9714422159312015,1.0918489233093096
1989-08-01,4.621848739495804,4.004874811277029,0.6169739282187754
1989-09-01,4.435146443514637,4.180860423335866,0.2542860201787711
1989-10-01,4.587155963302747,4.357976384534556,0.2291795787681909
1989-11-01,4.655029093931851,4.405038859872432,0.2499902340594184
1989-12-01,4.639602319801162,4.768991176586885,0.1293888567857237
1990-01-01,5.198019801980203,4.363934956739644,0.8340848452405583
1990-02-01,5.263157894736836,4.464077853607059,0.7990800411297769
1990-03-01,5.237315875613735,3.891614771912985,1.3457011037007498
1990-04-01,4.711616571892785,4.092117659728017,0.6194989121647678
1990-05-01,4.365400161681476,4.503053718439639,0.1376535567581625
1990-06-01,4.673650282030639,4.256076672469205,0.4175736095614342
1990-07-01,4.819277108433728,4.249234825325729,0.5700422831079992
1990-08-01,5.702811244979911,5.305350504513624,0.3974607404662862
1990-09-01,6.169871794871806,4.627802961308461,1.542068833563345
1990-10-01,6.379585326953752,4.779430086183042,1.60015524077071
1990-11-01,6.195393169181873,4.074700735004383,2.1206924341774904
1990-12-01,6.254948535233562,4.15561362672349,2.0993349085100723
1991-01-01,5.647058823529405,4.81087237928661,0.8361864442427951
1991-02-01,5.312500000000009,4.53302051310717,0.7794794868928392
1991-03-01,4.821150855365497,5.88959807470533,1.068447219339833
1991-04-01,4.809930178432875,5.6609262925332295,0.8509961141003544
1991-05-01,5.034856700232382,5.877066123229818,0.8422094229974357
1991-06-01,4.695919938414161,5.527263251561236,0.8313433131470749
1991-07-01,4.367816091954024,6.02877572870337,1.6609596367493458
1991-08-01,3.7993920972644313,4.91646163668022,1.1170695394157883
1991-09-01,3.396226415094339,4.842674240116313,1.4464478250219743
1991-10-01,2.8485757121439192,4.342197021354214,1.4936213092102948
1991-11-01,3.0665669409125185,4.721261351462968,1.6546944105504495
1991-12-01,2.980625931445613,4.981213927791593,2.0005879963459803
1992-01-01,2.672605790645899,4.506492783406543,1.833886992760644
1992-02-01,2.818991097922829,4.463316527239903,1.6443254293170737
1992-03-01,3.189910979228472,4.277688767948647,1.0877777887201754
1992-04-01,3.182827535159149,4.37521371656684,1.1923861814076906
1992-05-01,3.023598820059004,4.309577245214765,1.285978425155761
1992-06-01,3.0147058823529305,4.578833558050617,1.5641276756976863
1992-07-01,3.1571218795888534,4.1734042675798495,1.016282387990996
1992-08-01,3.074670571010252,3.3664216817929224,0.2917511107826707
1992-09-01,2.9927007299270114,4.225038654767557,1.2323379248405455
1992-10-01,3.279883381924198,4.6446382597399865,1.3647548778157883
1992-11-01,3.12046444121914,4.227800980341158,1.1073365391220182
1992-12-01,2.966714905933454,3.7542310035117934,0.7875160975783393
1993-01-01,3.2537960954446943,3.866343628163873,0.6125475327191783
1993-02-01,3.2467532467532534,4.019706735713041,0.7729534889597875
1993-03-01,3.0194104960460155,3.7351155211911866,0.7157050251451711
1993-04-01,3.1563845050215145,3.6614133292314217,0.5050288242099072
1993-05-01,3.2211882605583497,4.10584842176447,0.8846601612061207
1993-06-01,2.9978586723768963,3.709073737916557,0.7112150655396601
1993-07-01,2.8469750889679624,3.5152130479304846,0.6682379589625222
1993-08-01,2.840909090909083,3.939539331003607,1.0986302400945245
1993-09-01,2.763997165131116,3.7827299197531854,1.0187327546220706
1993-10-01,2.752293577981657,3.4184200717983484,0.6661264938166913
1993-11-01,2.744546094299793,3.67707765848146,0.9325315641816668
1993-12-01,2.8109627547435068,3.705984011835598,0.895021257092091
1994-01-01,2.450980392156854,3.3122687724049045,0.8612883802480504
1994-02-01,2.515723270440251,3.19247093000964,0.6767476595693886
1994-03-01,2.6517794836008246,3.2703777814578388,0.6185982978570141
1994-04-01,2.364394993045882,3.117158818766661,0.7527638257207787
1994-05-01,2.288488210818307,3.1225140530017144,0.8340258421834075
1994-06-01,2.494802494802495,3.078290875608297,0.583488380805802
1994-07-01,2.69896193771626,3.138477773694305,0.4395158359780455
1994-08-01,2.900552486187835,2.546867916744189,0.3536845694436459
1994-09-01,2.965517241379323,2.8111156877158567,0.1544015536634662
1994-10-01,2.609890109890123,2.962732900320259,0.3528427904301363
1994-11-01,2.602739726027403,2.4627577609944646,0.1399819650329385
1994-12-01,2.597402597402576,2.4564319473813905,0.1409706500211855
1995-01-01,2.8708133971291794,2.775680081985387,0.0951333151437925
1995-02-01,2.862985685071595,2.9728578006369397,0.1098721155653441
1995-03-01,2.7872195785180187,3.138774624618356,0.3515550461003371
1995-04-01,3.125000000000022,3.116830903619435,0.0081690963805871
1995-05-01,3.1186440677966054,2.598884319104782,0.5197597486918233
1995-06-01,3.0425963488843744,2.7417071354721485,0.3008892134122258
1995-07-01,2.8301886792452717,2.7257842906061254,0.1044043886391459
1995-08-01,2.617449664429538,3.062513365440791,0.4450637010112523
1995-09-01,2.54521098459477,2.935234613703375,0.390023629108605
1995-10-01,2.7443105756358666,2.8396150514818363,0.0953044758459698
1995-11-01,2.603471295060067,3.2634562812028087,0.6599849861427418
1995-12-01,2.5316455696202667,3.0097556661874907,0.478110096567224
1996-01-01,2.7906976744185963,2.9239836854585355,0.1332860110399392
1996-02-01,2.717031146454607,2.794708208305189,0.0776770618505824
1996-03-01,2.8439153439153486,2.7018840615043915,0.142031282410957
1996-04-01,2.832674571805005,2.712665893597988,0.1200086782070171
1996-05-01,2.827087442472065,2.766492442727061,0.0605949997450037
1996-06-01,2.8215223097112663,2.708836622518823,0.1126856871924433
1996-07-01,2.8833551769331667,2.6783603118691386,0.2049948650640281
1996-08-01,2.8122956180510084,2.792857102434331,0.0194385156166774
1996-09-01,3.004572175048992,2.792188942011285,0.2123832330377069
1996-10-01,3.0618892508143203,2.829290157881029,0.2325990929332912
1996-11-01,3.253090435914108,2.826495055989877,0.4265953799242306
1996-12-01,3.378817413905133,2.827954899124163,0.5508625147809698
1997-01-01,3.0381383322559907,2.826472746037224,0.2116655862187668
1997-02-01,3.032258064516125,2.8413248615677853,0.1909332029483392
1997-03-01,2.7652733118971096,2.8205587316044607,0.0552854197073511
1997-04-01,2.434336963484962,2.889429420396263,0.4550924569113008
1997-05-01,2.237851662404089,2.923365948729446,0.6855142863253572
1997-06-01,2.233567326100827,3.005839010812723,0.772271684711896
1997-07-01,2.165605095541401,3.059581315412814,0.8939762198714138
1997-08-01,2.290076335877877,2.9447319160981604,0.6546555802202829
1997-09-01,2.21940393151554,2.9524582067747227,0.7330542752591827
1997-10-01,2.0859671302149163,2.837438517884141,0.7514713876692247
1997-11-01,1.8903591682419616,2.755682200672744,0.8653230324307821
1997-12-01,1.6970458830924071,2.703081358083168,1.0060354749907607
1998-01-01,1.6311166875784044,2.680021813222544,1.0489051256441395
1998-02-01,1.440200375704448,2.634736947158538,1.19453657145409
1998-03-01,1.3767209011263937,2.663608050207944,1.2868871490815503
1998-04-01,1.4383989993745905,2.580430453482003,1.1420314541074124
1998-05-01,1.6885553470919357,2.5182113029449327,0.829655955852997
1998-06-01,1.6229712858926382,2.342110619847808,0.7191393339551699
1998-07-01,1.74563591022443,2.0439853398712224,0.2983494296467923
1998-08-01,1.6169154228855789,2.0184313615714373,0.4015159386858586
1998-09-01,1.4267990074441794,1.635693714423588,0.2088947069794084
1998-10-01,1.4860681114551078,1.4376752258416543,0.0483928856134532
1998-11-01,1.4842300556586308,1.545330209497416,0.0611001538387852
1998-12-01,1.606922126081578,2.0244420523707705,0.4175199262891924
1999-01-01,1.6666666666666607,1.785802176862321,0.1191355101956599
1999-02-01,1.6666666666666607,1.9724133355976712,0.3057466689310104
1999-03-01,1.728395061728394,1.761760625382736,0.0333655636543421
1999-04-01,2.281134401972884,1.4881112652760689,0.7930231366968152
1999-05-01,2.091020910209096,1.606429242875725,0.484591667333371
1999-06-01,1.96560196560196,1.573766391410504,0.3918355741914556
1999-07-01,2.1446078431372584,1.7612829479792595,0.3833248951579988
1999-08-01,2.2643818849449104,1.8535030743019296,0.4108788106429808
1999-09-01,2.629969418960254,1.8224289640147595,0.8075404549454945
1999-10-01,2.56253813300793,1.883994630421298,0.678543502586632
1999-11-01,2.620353443022561,2.4798585986581463,0.1404948443644142
1999-12-01,2.676399026763998,2.1338287175802333,0.5425703091837648
2000-01-01,2.792956891317555,1.990002011060996,0.8029548802565591
2000-02-01,3.217972070431085,2.1894669167541974,1.028505153676888
2000-03-01,3.762135922330101,2.28323301162589,1.4789029107042109
2000-04-01,3.013863773357439,2.612381789672894,0.4014819836845453
2000-05-01,3.1325301204819134,2.453649139279769,0.6788809812021444
2000-06-01,3.7349397590361377,2.489131553049897,1.2458082059862408
2000-07-01,3.5992801439711952,2.5527752317940178,1.0465049121771774
2000-08-01,3.3512866546977715,2.5816518420221004,0.7696348126756711
2000-09-01,3.45649582836709,2.998705742425261,0.4577900859418284
2000-10-01,3.4503271861986877,3.789249845135175,0.3389226589364873
2000-11-01,3.444180522565321,2.713092818164289,0.7310877044010322
2000-12-01,3.4360189573459543,2.921061741884865,0.5149572154610893
2001-01-01,3.7212049616065945,3.648934342737927,0.0722706188686674
2001-02-01,3.529411764705892,3.4998407758907693,0.0295709888151227
2001-03-01,2.9824561403508643,3.3832656997504165,0.4008095593995522
2001-04-01,3.2182562902282053,3.478771922033376,0.2605156318051707
2001-05-01,3.56308411214954,3.379069390353243,0.1840147217962964
2001-06-01,3.193960511033689,3.4114598829168075,0.2174993718831186
2001-07-01,2.7214823393167498,3.381372278858394,0.6598899395416442
2001-08-01,2.7214823393167498,3.69789508555395,0.9764127462372004
2001-09-01,2.5921658986175045,3.4882742147220966,0.8961083161045922
2001-10-01,2.127659574468077,3.035718513610441,0.9080589391423644
2001-11-01,1.894374282433997,3.20133909758239,1.306964815148393
2001-12-01,1.603665521191311,3.386151253940409,1.7824857327490986
2002-01-01,1.1958997722095743,3.125481269724114,1.92958149751454
2002-02-01,1.1363636363636465,2.8514096337584816,1.715045997394835
2002-03-01,1.362862010221466,2.72717606605277,1.3643140558313038
2002-04-01,1.643990929705219,2.513040390864661,0.8690494611594417
2002-05-01,1.2408347433727984,2.2302765378353286,0.9894417944625302
2002-06-01,1.0692177827799745,2.0523822286435545,0.9831644458635802
2002-07-01,1.465614430665152,1.7521323921875225,0.2865179615223703
2002-08-01,1.747463359639223,1.3584064199530277,0.3890569396861953
2002-09-01,1.516002245929271,1.261292442813026,0.2547098031162449
2002-10-01,2.027027027027017,1.3789384357483272,0.6480885912786902
2002-11-01,2.2535211267605604,1.6268119196293438,0.6267092071312166
2002-12-01,2.480270574971821,1.2560764058429108,1.2241941691289104
2003-01-01,2.757456387169399,1.2197172620122545,1.5377391251571446
2003-02-01,3.146067415730336,1.474698457336144,1.671368958394192
2003-03-01,3.025210084033625,1.6583029182359963,1.3669071657976284
2003-04-01,2.175125488008911,1.5915716993955626,0.5835537886133484
2003-05-01,1.8941504178273003,2.07869696557402,0.1845465477467196
2003-06-01,1.948775055679297,2.19089280167555,0.2421177459962527
2003-07-01,2.055555555555544,2.466168015100307,0.4106124595447631
2003-08-01,2.216066481994461,2.686187575746551,0.4701210937520903
2003-09-01,2.378318584070782,2.9799231623288955,0.6016045782581134
2003-10-01,2.041942604856528,2.9267149000404684,0.8847722951839403
2003-11-01,1.9283746556473915,2.456329376094123,0.5279547204467319
2003-12-01,2.0352035203520247,2.344736145550944,0.3095326251989192
2004-01-01,2.026286966046009,2.243074973890736,0.2167880078447268
2004-02-01,1.688453159041381,2.2479407816662382,0.5594876226248573
2004-03-01,1.7400761283306032,2.3611389693654363,0.6210628410348331
2004-04-01,2.2925764192139875,2.4526673436014303,0.1600909243874428
2004-05-01,2.8977583378895444,2.266884923061004,0.6308734148285406
2004-06-01,3.1676679410158397,2.26868813489492,0.8989798061209195
2004-07-01,2.939575394665228,2.274068452411448,0.66550694225378
2004-08-01,2.5474254742547275,2.156110244336946,0.3913152299177813
2004-09-01,2.539168017287952,1.9822394385720117,0.5569285787159401
2004-10-01,3.1909140075716547,2.049214844031267,1.1416991635403877
2004-11-01,3.621621621621607,2.316497605135896,1.3051240164857112
2004-12-01,3.3423180592991875,2.6332746440356587,0.7090434152635288
2005-01-01,2.8448738593666034,2.795047920100514,0.0498259392660895
2005-02-01,3.0530262453133394,2.7451451726578107,0.3078810726555288
2005-03-01,3.2068412613575736,2.588359397898042,0.6184818634595315
2005-04-01,3.3617929562433257,2.607511888927294,0.7542810673160316
2005-05-01,2.869287991498415,2.916225585643802,0.0469375941453877
2005-06-01,2.541026998411855,3.0110157267001814,0.4699887282883264
2005-07-01,3.067160232681121,2.8679873681897985,0.1991728644913224
2005-08-01,3.646934460887952,2.80725411963356,0.8396803412543918
2005-09-01,4.741833508956805,2.966439755887181,1.7753937530696242
2005-10-01,4.350104821802936,2.7700314293689345,1.5800733924340014
2005-11-01,3.338549817423053,2.9522004254408563,0.386349391982197
2005-12-01,3.338549817423053,2.580195796790288,0.7583540206327655
2006-01-01,4.018789144050117,2.5480035401165573,1.4707856039335594
2006-02-01,3.63825363825363,2.8636544123283505,0.7745992259252796
2006-03-01,3.4179181771103018,2.930803855807393,0.4871143213029092
2006-04-01,3.613835828600931,3.930661110372516,0.3168252817715853
2006-05-01,3.977272727272729,3.060597320249168,0.9166754070235612
2006-06-01,4.1817243159525175,2.9576479770292976,1.22407633892322
2006-07-01,4.104669061056954,3.4253338555282973,0.6793352055286563
2006-08-01,3.926568077511483,3.4941082235152425,0.4324598539962405
2006-09-01,2.012072434607637,2.8816957045611264,0.8696232699534896
2006-10-01,1.4063284781516971,3.20867829526957,1.802349817117873
2006-11-01,1.9687026754164672,3.349328275737117,1.3806256003206494
2006-12-01,2.5239777889954462,3.511737809839669,0.987760020844223
2007-01-01,2.075765178123423,3.745272860397005,1.669507682273582
2007-02-01,2.420260782347028,3.847299295731454,1.427038513384426
2007-03-01,2.798197295943927,3.8404934641549993,1.042296168211072
2007-04-01,2.5929247633283525,2.424410161422864,0.1685146019054886
2007-05-01,2.709885742672613,2.705582271708827,0.0043034709637859
2007-06-01,2.692765113974227,2.6222959535477024,0.0704691604265246
2007-07-01,2.317890586495808,2.597731138784781,0.2798405522889728
2007-08-01,1.897448478900876,2.3715359874590227,0.4740875085581466
2007-09-01,2.8338264299802685,2.8111744168226,0.0226520131576686
2007-10-01,3.610698365527476,2.81462806679728,0.7960702987301964
2007-11-01,4.373267326732666,2.734344995146315,1.6389223315863513
2007-12-01,4.108813392417532,2.876172404328972,1.2326409880885605
2008-01-01,4.294695655165981,2.851149945227702,1.4435457099382791
2008-02-01,4.142959270611968,2.7085421724720438,1.4344170981399245
2008-03-01,3.9749035501344334,2.645373688131775,1.3295298620026594
2008-04-01,3.903760975988813,2.9295029365785608,0.9742580394102518
2008-05-01,4.088413823123993,2.9186080828060392,1.1698057403179538
2008-06-01,4.935966105947864,3.1750443110942674,1.760921794853597
2008-07-01,5.497512078341837,3.0828698378177464,2.414642240524091
2008-08-01,5.308017162091239,3.4375751123196623,1.8704420497715764
2008-09-01,4.953319875136075,3.3158811697181143,1.6374387054179609
2008-10-01,3.7310578899565128,3.3616075713186424,0.3694503186378703
2008-11-01,1.0999174706166848,3.3672601358059544,2.2673426651892696
2008-12-01,-0.022228002553859,3.462309910374381,3.484537912928241
2009-01-01,-0.1135860190221271,3.915532492020947,4.029118511043074
2009-02-01,0.0084631406715107,4.132263320764203,4.123800180092692
2009-03-01,-0.4464787676623838,4.126426914200303,4.572905681862686
2009-04-01,-0.5763244243767063,4.169665237646333,4.745989662023039
2009-05-01,-1.015761495855172,3.4471796927421234,4.462941188597295
2009-06-01,-1.2291746182109151,3.2176195603581306,4.446794178569046
2009-07-01,-1.958761003762277,3.17890876745197,5.137669771214247
2009-08-01,-1.4838355663267633,3.3171448211693613,4.800980387496125
2009-09-01,-1.377942862886472,3.122324333734816,4.500267196621287
2009-10-01,-0.2239682942003384,2.0452214805450417,2.26918977474538
2009-11-01,1.9145871744709275,1.949605419936887,0.0350182454659595
2009-12-01,2.8141231232083674,0.825987464993691,1.9881356582146763
2010-01-01,2.621111388976716,0.4895105716877765,2.13160081728894
2010-02-01,2.151336357866529,-1.611143130114423,3.762479487980952
2010-03-01,2.2861714393279886,0.214973536149584,2.0711979031784047
2010-04-01,2.2067707525304403,-0.5314752332938838,2.738245985824324
2010-05-01,2.003548929218568,1.568089587158371,0.4354593420601969
2010-06-01,1.1215605940686268,2.9260720239672446,1.8045114298986176
2010-07-01,1.3407784804821077,2.6316871212497697,1.290908640767662
2010-08-01,1.1501775395112546,2.343159321199818,1.1929817816885633
2010-09-01,1.1183122472331777,2.3064224396103548,1.1881101923771773
2010-10-01,1.1666951489314623,2.5625134568473653,1.3958183079159028
2010-11-01,1.084544776600338,2.303465856595586,1.218921079995248
2010-12-01,1.437793022217937,2.186675886425661,0.7488828642077241
2011-01-01,1.7007834915029774,1.57205019791946,0.1287332935835172
2011-02-01,2.124898173333145,2.114574073530677,0.0103240998024682
2011-03-01,2.619241510354109,1.811291336350204,0.8079501740039052
2011-04-01,3.0772344447868694,1.858116834255424,1.2191176105314454
2011-05-01,3.4589718808965,1.8454891693000135,1.613482711596486
2011-06-01,3.502318150636041,1.79763732337931,1.704680827256731
2011-07-01,3.5798809769996165,2.0413302909992512,1.5385506860003653
2011-08-01,3.75499603070808,1.996596707065393,1.758399323642687
2011-09-01,3.812621692818685,2.1170575284175848,1.6955641644011004
2011-10-01,3.5222681306640524,2.206623026523777,1.3156451041402757
2011-11-01,3.451432214581729,2.281064289830438,1.1703679247512908
2011-12-01,3.062066838419386,2.327946175776764,0.7341206626426224
2012-01-01,3.0087663379855023,2.632424884988393,0.3763414529971092
2012-02-01,2.898178442347388,2.615957599687729,0.2822208426596586
2012-03-01,2.5828752813320977,2.5469136966111114,0.0359615847209862
2012-04-01,2.2731633741348567,2.498878620141105,0.2257152460062483
2012-05-01,1.7379429374660749,2.3297505354177352,0.5918075979516604
2012-06-01,1.653870448297634,2.419536664423851,0.7656662161262169
2012-07-01,1.4175114798464783,2.1111825316065778,0.6936710517600995
2012-08-01,1.6859349154821237,2.383714406321676,0.6977794908395523
2012-09-01,1.9497168982819613,2.2707527858681424,0.3210358875861812
2012-10-01,2.1556780595369363,2.1093957031360606,0.0462823564008756
2012-11-01,1.7960197033926262,2.1137368682430155,0.3177171648503893
2012-12-01,1.7595049796895523,1.8979007046596428,0.1383957249700904
2013-01-01,1.684061762098299,1.964578272943908,0.2805165108456087
2013-02-01,2.0181404902574807,1.765217667289218,0.2529228229682627
2013-03-01,1.5187472411246183,2.0306707716335426,0.5119235305089243
2013-04-01,1.138808047576867,2.148351949180145,1.009543901603278
2013-05-01,1.3903888279197083,2.031673638654523,0.6412848107348146
2013-06-01,1.7157935271568725,1.6681438556527182,0.0476496715041543
2013-07-01,1.885471805415806,1.8539499961658976,0.0315218092499081
2013-08-01,1.538809488600279,1.772125441318054,0.233315952717775
2013-09-01,1.0947341081747997,1.9559971404541088,0.8612630322793091
2013-10-01,0.8767991434911471,1.430461575934892,0.5536624324437449
2013-11-01,1.2328701961954458,1.4510910024744428,0.2182208062789969
2013-12-01,1.5128383667573295,1.6617640274007677,0.1489256606434379
2014-01-01,1.557758795574915,1.6366376853390423,0.0788788897641274
2014-02-01,1.1204746347724948,1.67247852949401,0.5520038947215153
2014-03-01,1.6126949139408042,1.6352293201637416,0.0225344062229373
2014-04-01,2.015125303606169,1.440163093308474,0.574962210297695
2014-05-01,2.166947687079812,1.4249465133854626,0.7420011736943495
2014-06-01,2.0589816945944195,1.8025492755055592,0.2564324190888603
2014-07-01,1.9742378703305972,1.9323936882884296,0.0418441820421677
2014-08-01,1.7150983482969062,1.8532233002809944,0.1381249519840883
2014-09-01,1.6840509711232077,1.688341632065246,0.0042906609420383
2014-10-01,1.6095417021513292,2.075840516261082,0.4662988141097526
2014-11-01,1.231524989320798,2.121957800163812,0.8904328108430142
2014-12-01,0.6531213919623191,2.092113894133752,1.4389925021714325
2015-01-01,-0.2299309782054281,2.103069813145793,2.333000791351221
2015-02-01,-0.0870314629352053,2.084434869684045,2.1714663326192505
2015-03-01,-0.0220312844238734,1.8165417377929984,1.838573022216872
2015-04-01,-0.1040309893939106,1.8180587641789956,1.922089753572906
2015-05-01,0.0350332182442958,1.8103751797375356,1.7753419614932395
2015-06-01,0.1795718097550525,1.597450127824986,1.4178783180699337
2015-07-01,0.2256861110409458,1.213670776239936,0.98798466519899
2015-08-01,0.2413037985344868,0.3944454899354208,0.153141691400934
2015-09-01,0.00884296163417,1.1587604385503347,1.1499174769161646
2015-10-01,0.127616560670507,1.1705815287469097,1.0429649680764026
2015-11-01,0.4363182169185187,0.8000549491578505,0.3637367322393318
2015-12-01,0.6387247515364791,1.0215856969421016,0.3828609454056224
2016-01-01,1.2375025026943876,1.0568458038417752,0.1806566988526123
2016-02-01,0.8472775790126619,0.9551942874350902,0.1079167084224282
2016-03-01,0.8916160965521946,0.9446305517836406,0.0530144552314459
2016-04-01,1.1726257503534845,0.3968802594691633,0.7757454908843209
2016-05-01,1.0784764621246223,0.7079341771841849,0.3705422849404374
2016-06-01,1.0792865347959424,0.9100247247628288,0.1692618100331135
2016-07-01,0.8683633430518256,0.9016446275272822,0.0332812844754566
2016-08-01,1.0553158595656864,1.4572075794752777,0.401891719909591
2016-09-01,1.5486446201652182,0.8018412657424142,0.746803354422804
2016-10-01,1.685924966243646,0.9982881293948718,0.6876368368487742
2016-11-01,1.6843334719788938,1.1668396437035002,0.5174938282753936
2016-12-01,2.0507989115119862,1.0342533264405342,1.016545585071452
2017-01-01,2.510393348257112,1.0704188891357338,1.439974459121378
2017-02-01,2.8103616813294208,0.9366902759387296,1.873671405390691
2017-03-01,2.44119623655914,1.080188320782094,1.361007915777046
2017-04-01,2.176223471915395,1.305413636390449,0.8708098355249461
2017-05-01,1.856343166761976,1.2777190695396512,0.5786240972223244
2017-06-01,1.640565809959127,1.2776349001462393,0.3629309098128876
2017-07-01,1.7251073506566073,1.4872225486359412,0.2378848020206661
2017-08-01,1.92812155729698,1.736963353944499,0.191158203352481
2017-09-01,2.1805652303711787,2.123808263121595,0.0567569672495835
2017-10-01,2.020757753132485,1.7395317164746753,0.2812260366578096
2017-11-01,2.172493864295566,1.787717727644109,0.384776136651457
2017-12-01,2.129930719552253,1.4873348533875577,0.6425958661646956
2018-01-01,2.151318868063945,1.375906945763361,0.775411922300584
2018-02-01,2.263468931091861,1.4372977278653336,0.8261712032265274
2018-03-01,2.3309497646499366,1.5852188702739671,0.7457308943759695
2018-04-01,2.4709963021052994,1.696692231220112,0.7743040708851874
2018-05-01,2.781921607842497,1.5673606338522417,1.2145609739902552
2018-06-01,2.8075506935940187,1.6940237252273718,1.1135269683666469
2018-07-01,2.854124785561929,1.7267384175202165,1.1273863680417129
2018-08-01,2.642923856874257,1.8153967130474284,0.827527143826829
2018-09-01,2.332055105808828,1.8502895356376785,0.4817655701711496
2018-10-01,2.492032470218053,1.85993145920164,0.6321010110164134
2018-11-01,2.147328577667773,1.9941380894668264,0.1531904882009465
2018-12-01,2.0023809043401064,2.3811828987917427,0.3788019944516363
2019-01-01,1.4875893578291333,2.377869188659825,0.8902798308306918
2019-02-01,1.5188615351321877,2.5216837179293865,1.0028221827971988
2019-03-01,1.8831863513063984,2.1743428598122123,0.2911565085058138
2019-04-01,2.000583470209061,1.901661128761312,0.0989223414477487
2019-05-01,1.7959105553606136,2.236219957030105,0.4403094016694915
2019-06-01,1.671194894390049,1.8249166289594805,0.1537217345694315
2019-07-01,1.826331335037068,1.7145714782665016,0.1117598567705664
2019-08-01,1.7376412106666406,1.1920956314366322,0.5455455792300083
2019-09-01,1.6844977040391562,1.42383251157644,0.2606651924627163
2019-10-01,1.7339736996186297,1.809456192904854,0.0754824932862245
2019-11-01,2.092290394862917,1.7997411483904486,0.2925492464724681
2019-12-01,2.3195274699624457,1.5982838995795594,0.7212435703828863
2020-01-01,2.599767976845202,1.5425025906677,1.057265386177502
2020-02-01,2.34131667975952,1.7431586821007257,0.5981579976587941
2020-03-01,1.4940399642909163,1.658029399914016,0.1639894356230997
2020-04-01,0.3130472940411133,1.7059665945154316,1.3929193004743183
2020-05-01,0.1982013035848551,1.8444838418999816,1.6462825383151267
2020-06-01,0.7166562831830481,2.108605439411871,1.391949156228823
2020-07-01,0.9968647625897996,2.2183778115684927,1.221513048978693
2020-08-01,1.2810698495523851,2.4018274133861848,1.1207575638337994
2020-09-01,1.3910228912373812,2.164047095508427,0.7730242042710458
2020-10-01,1.2303863428671624,1.6839378515017742,0.4535515086346118
2020-11-01,1.1757452138405844,1.1776766103980243,0.0019313965574401
2020-12-01,1.3204191315779434,1.4900158597021755,0.1695967281242321
2021-01-01,1.3738437137002402,1.7488119957941364,0.3749682820938962
2021-02-01,1.6698167791706853,1.716407592649828,0.0465908134791426
2021-03-01,2.6678187820641908,1.7899309548278322,0.8778878272363586
2021-04-01,4.133077115360573,1.8029067480797587,2.330170367280814
2021-05-01,4.918257089467626,1.6461462405861589,3.272110848881467
2021-06-01,5.295632620349999,1.816513782728984,3.479118837621015
2021-07-01,5.245169381309234,1.796722786279626,3.4484465950296075
2021-08-01,5.152015301793966,1.7650945977525128,3.386920704041453
2021-09-01,5.351215590949132,1.881687631944552,3.46952795900458
2021-10-01,6.235042390298062,1.938923151208952,4.29611923908911
2021-11-01,6.901970403700863,1.667214498916232,5.234755904784631
2021-12-01,7.174340285065539,1.7241456384999043,5.450194646565635
2022-01-01,7.558805726967832,1.9587612055132635,5.600044521454569
2022-02-01,7.937278766517819,1.950108489905073,5.987170276612746
2022-03-01,8.572204966013853,2.753344952932577,5.818860013081276
2022-04-01,8.231750770777225,4.51412330168675,3.717627469090475
2022-05-01,8.538171195642065,8.352210680206408,0.1859605154356565
2022-06-01,8.979361103105798,8.057541563046525,0.921819540059273
2022-07-01,8.462576727730099,8.13233844035527,0.3302382873748293
2022-08-01,8.222579178218826,10.032245179639435,1.8096660014206092
2022-09-01,8.192106896425821,10.592608647440294,2.400501751014472
2022-10-01,7.758813957693,12.68715020187432,4.92833624418132
2022-11-01,7.122856456533988,8.49161507137271,1.368758614838722
2022-12-01,6.404600402357152,11.409036908210393,5.00443650585324
2023-01-01,6.327178517960097,11.554035914905487,5.22685739694539
2023-02-01,5.957820738137087,8.466575189249047,2.50875445111196
2023-03-01,4.917719362889961,9.128405934791818,4.210686571901857
2023-04-01,4.950079879124369,9.050742676886957,4.100662797762586
2023-05-01,4.131851231385042,7.575838667609332,3.4439874362242904
2023-06-01,3.070617072997095,6.645413832957901,3.5747967599608064
2023-07-01,3.287749268428297,5.716779955149716,2.4290306867214184
2023-08-01,3.722504803505289,6.522039704375726,2.7995349008704373
2023-09-01,3.687206638119256,5.431879759127335,1.7446731210080788
2023-10-01,3.2512659098611785,3.784023642926746,0.5327577330655675
2023-11-01,3.133346274591186,5.249529261675409,2.1161829870842226
2023-12-01,3.3159099427102934,3.3079400859879664,0.0079698567223269
2024-01-01,3.0883429864855705,2.274753692753484,0.8135892937320865
2024-02-01,3.157074141648697,3.8859087217146233,0.7288345800659264
2024-03-01,3.4868349120836584,4.327000371076773,0.8401654589931145
2024-04-01,3.3607951262196734,3.827723014747244,0.4669278885275707
2024-05-01,3.244278584003113,3.368011586004442,0.1237330020013289
2024-06-01,2.9702579486470926,3.560288300994527,0.5900303523474344
2024-07-01,2.9414757935583014,3.822310942889003,0.8808351493307018
2024-08-01,2.607144490692037,3.258700377185204,0.6515558864931665
2024-09-01,2.4264830315416708,3.7222970813887777,1.295814049847107
2024-10-01,2.578844053871343,4.13891391167172,1.5600698578003769
2024-11-01,2.719472461284833,3.5756046179129783,0.8561321566281452
2024-12-01,2.870690967509981,3.6483704403640314,0.7776794728540493
2025-01-01,2.9909783078999608,3.3089851540326904,0.3180068461327296
2025-02-01,2.8015834477613355,3.5168816390487616,0.7152981912874261
2025-03-01,2.381981462805549,2.849832222602212,0.4678507597966628
2025-04-01,2.32538823025783,2.9010702819599574,0.5756820517021275
2025-05-01,2.3772651073680877,3.232646776649129,0.8553816692810416
2025-06-01,2.680453865910226,3.3909757327069734,0.7105218667967472
2025-07-01,2.742618052167134,3.717261612100443,0.974643559933309
2025-08-01,2.9385917430316155,3.9424249538161655,1.00383321078455
2025-09-01,3.022571584713329,3.4848004055125834,0.462228820799254
2025-10-01,2.8565936431995675,2.8039680917956136,0.0526255514039539
2025-11-01,2.6964439164939518,3.159691318971145,0.4632474024771937
2025-12-01,2.653304114557753,3.24780734833314,0.5945032337753866
2026-01-01,2.391201432150014,3.754345887671223,1.3631444555212089
